,Source,Target,Weight
0,publishers,introduction_to_functional_programming_in_r,1
1,publishers,media,2
2,xamarin,mobile_development,4
3,design_thinking,product_design,8
4,design_thinking,design_strategy,1
5,design_thinking,free_software_foundation,1
6,design_thinking,prototyping,2
7,design_thinking,financial_education,1
8,healthcare_innovation,healthcare_it,8
9,healthcare_innovation,healthcare_startups,3
10,healthcare_innovation,healthcare_solutions,5
11,healthcare_innovation,data_architecture,1
12,healthcare_innovation,web_2.0,1
13,healthcare_innovation,health_and_technology,1
14,healthcare_innovation,health_2.0,5
15,healthcare_innovation,medical_devices,2
16,healthcare_innovation,physician_entrepreneurship,2
17,healthcare_innovation,social_impact,1
18,healthcare_innovation,digital_health,7
19,healthcare_innovation,health_information_technology,4
20,healthcare_innovation,technology,4
21,healthcare_innovation,doctors,1
22,healthcare_innovation,healthcare_professionals,5
23,healthcare_innovation,mobile_health,5
24,helping_non-profits,non_profit_organizations,2
25,helping_non-profits,charity,2
26,civic_hacking,civic_engagement,1
27,civic_hacking,open_data,3
28,apple,ios,7
29,apple,apple_software,1
30,apple,iphone_apps,1
31,apple,mac_user_group,2
32,agile_transformation,scrum,60
33,agile_transformation,coach,1
34,agile_transformation,agile_experiences,2
35,agile_transformation,agile_product_development,3
36,agile_transformation,scaling_scrum,1
37,agile_transformation,coaching_agile_teams,2
38,agile_transformation,agile_portfolio_management,8
39,agile_transformation,scaling_agile,17
40,agile_transformation,agile_program_management,4
41,agile_transformation,product_owners,1
42,online_education_&_technology_for_educators_and_hr,learning,1
43,computational_biology,bioinformatics,4
44,network_marketing,digital_media,1
45,ios_and_android_application_development,ios_development,1
46,humanity,futurology,2
47,gpu,gpu_programming,2
48,php_framework,php5,2
49,php_framework,php,12
50,php_framework,php_html5_nginx_mongodb_linux,2
51,php_framework,php_women,2
52,website_design,web_design,5
53,data_structures,data_security,1
54,data_structures,big_data,3
55,digital_marketing_workshop,digital_marketing,3
56,professionals_of_information_technology,cio_/_cto,1
57,nodeschool,nodejs,1
58,nodeschool,nodebots,1
59,privacy_and_freedom,internet_privacy,3
60,privacy_and_freedom,crypto-anarchy,1
61,wordpress,beginner_php_programming,2
62,wordpress,wordpress_themes,31
63,wordpress,wordpress_customization,28
64,wordpress,web_design,29
65,wordpress,blogging,29
66,wordpress,blogging_to_promote_yourself,3
67,wordpress,writing_for_blogs,2
68,wordpress,wordpress_developers,21
69,wordpress,programming_with_html_css_php_mysql,2
70,wordpress,wordpress_for_business,20
71,wordpress,wordpress_training,11
72,wordpress,wordpress_users,23
73,wordpress,wordpress_websites,21
74,wordpress,vlogging,1
75,wordpress,wordpress_help,15
76,wordpress,blog_marketing,3
77,wordpress,wordpress_small_business_web_sites,15
78,start_a_business,start-up,2
79,graduate_students_and_young_professionals,graduate_students,2
80,graduate_students_and_young_professionals,recent_graduates,2
81,graduate_students_and_young_professionals,university_students,1
82,javascript_frameworks,phonegap,2
83,javascript_frameworks,backbone.js,6
84,javascript_frameworks,angular_2,1
85,javascript_frameworks,sencha_touch,1
86,javascript_frameworks,functional_reactive_programming,2
87,javascript_frameworks,single_page_applications,2
88,javascript_frameworks,reactive_programming,2
89,javascript_frameworks,algorithms_and_computational_theory,1
90,javascript_frameworks,open_source_community,6
91,javascript_frameworks,angular2,2
92,javascript_frameworks,sustainable_frameworks_in_javascript,5
93,javascript_frameworks,javascript,67
94,javascript_frameworks,couchdb,1
95,javascript_frameworks,elasticsearch,3
96,javascript_frameworks,typescript,1
97,agile_project_management,product_management_in_agile,15
98,agile_project_management,agile_testing,43
99,agile_project_management,domain_driven_design,5
100,agile_project_management,scrum,89
101,agile_project_management,test_driven_development,59
102,agile_project_management,project_management,14
103,agile_project_management,lean_startup,69
104,agile_project_management,lean_project_management,46
105,agile_project_management,management_3.0,2
106,agile_project_management,software_modeling,2
107,agile_project_management,project_management_tools,9
108,agile_project_management,tdd,4
109,agile_project_management,application_lifecycle_management,2
110,agile_project_management,software_development_technologies,4
111,agile_project_management,extreme_programming,40
112,agile_project_management,lean,12
113,agile_project_management,career_network,2
114,agile_project_management,atlassian,3
115,agile_project_management,business_analysts,3
116,salesforce.com_and_force.com,visualforce_development,5
117,salesforce.com_and_force.com,salesforce.com_integration,5
118,autonomous_cars,autonomous_vehicles,1
119,autonomous_cars,connected_cars,1
120,autonomous_cars,deep_learning,1
121,autonomous_cars,self-driving_vehicles,1
122,ubuntu,ajax,1
123,ubuntu,linux,6
124,ubuntu,storage,1
125,software_architecture,software_design,9
126,software_architecture,service_oriented_architectures,4
127,software_architecture,design_patterns,4
128,software_architecture,mentor,1
129,software_architecture,enterprise_architecture,8
130,software_architecture,software_engineering,15
131,penetration_testing,text_mining,1
132,penetration_testing,secure_software_design,2
133,penetration_testing,owasp,2
134,penetration_testing,information_security,11
135,penetration_testing,the_open_web_application_security_project,2
136,ux_technology,user_experience,6
137,ux_technology,ux_and_sustainable_web_design,2
138,wordpress_user_community,wordpress_plugins,6
139,local_heritage,mapping,1
140,local_heritage,cultural_heritage,2
141,linux,linux_server,8
142,linux,digital_technologies,1
143,linux,code,1
144,linux,perl_scripting,3
145,linux,cloud_computing,58
146,linux,perl,3
147,linux,using_web_dev_skills_to_build_mobile_apps,1
148,linux,linux_networking,4
149,linux,gnu/linux,3
150,linux,linux_user_group,5
151,linux,unix,7
152,linux,undergraduates,1
153,linux,operating_systems,2
154,linux,embedded_linux,2
155,linux,open_source_tools,1
156,linux,mobile_analytics,1
157,linux,linux_kernel,2
158,linux,open_paas,1
159,bitcoin_miners,alternative_currency,1
160,bitcoin_miners,bitcoin,12
161,bitcoin_miners,how_to_safely_store_your_bitcoin,1
162,bitcoin_miners,altcoin,1
163,bitcoin_miners,libertarian,1
164,bitcoin_miners,how_to_invest_in_bitcoin,2
165,experience_design,strategy,1
166,experience_design,ux_design,3
167,ux_strategy,usability,3
168,office_365,cloud_computing,4
169,scala_akka,lift,1
170,scala_akka,scala_programming,4
171,scala_akka,scala_lift,2
172,content_strategy,personalisation,1
173,content_strategy,copywriting,3
174,content_strategy,digital_content_strategy,5
175,content_strategy,documentation,1
176,content_strategy,technical_writing,1
177,content_strategy,news_broadcasting,1
178,content_strategy,online_marketing,14
179,content_strategy,reputation_management,1
180,content_strategy,content,4
181,content_strategy,inbound_marketing,2
182,content_strategy,seo_&_internet_marketing,1
183,content_strategy,content_marketing,12
184,content_strategy,content_development,1
185,content_strategy,governance,1
186,data_science,operations_research,1
187,data_science,enterprise_software,1
188,data_science,graph_theory,1
189,data_science,mathematics,4
190,data_science,applied_math,2
191,data_science,r_project_for_statistical_computing,16
192,data_science,r_programming_language,4
193,data_science,bigdatadevelopers,2
194,data_science,data_analysis_and_modeling,10
195,data_science,business_process_management,2
196,data_science,statistical_modeling,3
197,data_science,distributed_computing,1
198,data_science,applied_statistics,16
199,data_science,statistics_and_data_analysis,8
200,data_science,newsql,3
201,data_science,infographics,3
202,data_science,to_promote_r_for_big_data_analytics,4
203,data_science,visualization,3
204,data_science,julia,2
205,data_science,bayesian_networks,2
206,data_science,spatial_data,2
207,data_science,statistical_computing,13
208,data_science,simulations,1
209,data_science,computer_art,1
210,data_science,trends_and_forecasting,2
211,data_science,data_science_&_business_architecture,1
212,data_science,computer_science,9
213,data_science,big_data,137
214,data_science,belief_networks,2
215,data_science,big_data-hadoop,2
216,data_science,programming_in_r,5
217,data_science,data_analysis,6
218,data_science,uk_sql_groups,1
219,data_science,kdb+,2
220,sql_server_2008,sql_server_web_services_+_more_data_access_methods,2
221,sql_server_2008,advanced_sql_server,2
222,scrum_coaching,scrum,5
223,business_intelligence_data_warehousing,data_visualization,7
224,customer_success,customer_satisfaction,3
225,customer_success,pmp_certification,1
226,customer_success,customer_experience,3
227,openshift,cloud_computing,2
228,energy_efficiency,engineering,1
229,user_testing,user_experience,3
230,user_testing,usability_testing,1
231,crisismapping,big_data_analytics,1
232,crisismapping,technology_and_crisis_response,1
233,crisismapping,crowdsourcing,1
234,computer_security,"technology_(security,_audits)",3
235,computer_security,information_systems_security,2
236,computer_security,identity_&_access_management,1
237,computer_security,ethical_hacking,1
238,computer_security,computer_and_information_network_security,2
239,computer_security,disaster_recovery,1
240,computer_security,information_security,33
241,computer_security,physical_security,1
242,computer_security,cloud_security,20
243,computer_security,cissp,2
244,computer_security,application_security,12
245,computer_security,web_application_security,18
246,computer_security,federated_identity,1
247,computer_security,internet_security,2
248,computer_security,risk_governance_and_compliance,2
249,computer_security,risk,1
250,computer_security,mobile_security,3
251,computer_security,data_protection,2
252,computer_security,future_technology_trends,1
253,google_cloud_platform,cloud_computing,4
254,technological_singularity,artificial_intelligence,5
255,all_forms_of_javascript,javascript,18
256,application_programming_interface,apis,7
257,application_programming_interface,rest,1
258,application_programming_interface,service-oriented_architecture,3
259,application_programming_interface,cloud_storage_apis,1
260,application_programming_interface,kong,2
261,oracle_business_solutions,oracle_database_administration,1
262,oracle_business_solutions,oracle,1
263,distributed_scala_programming,functional_programming,5
264,design_futures,urban_design,2
265,design_futures,internet_of_things,2
266,entrepreneur_matchmaking,entrepreneur_networking,3
267,entrepreneur_matchmaking,co-founder,2
268,ios_development,cross_platform_development,7
269,ios_development,ios_game_development,5
270,ios_development,adobe_flash,1
271,ios_development,cross_platform_mobile_game_development,4
272,ios_development,learn_computer_programming,1
273,ios_development,swift_language,9
274,ios_development,iphone,11
275,ios_development,iphone_application_development,1
276,ios_development,android_app_architecture,2
277,ios_development,windows_mobile,2
278,ios_development,os_x_development,3
279,ios_development,cocoa_touch,3
280,ios_development,mobile_development,99
281,ios_development,app_developers,2
282,ios_development,beginner_ios_developers,4
283,ios_development,contractors,1
284,ios_development,international_development,2
285,ios_development,iphone_game_development,3
286,ios_development,corona_sdk,3
287,ios_development,swift,5
288,ios_development,outsourcing,1
289,ios_development,ios,29
290,ios_development,educational_apps,2
291,ios_development,objective_c,17
292,ios_development,mac,3
293,ios_development,xcode,3
294,ios_development,cocoa_programming_language,3
295,ios_development,sharing_economy,1
296,ios_development,basics_of_iphone_app_development,3
297,ios_development,ios_platform,4
298,ios_development,iphone_app_marketing,3
299,ios_development,c_/_c_+_+,2
300,ios_development,mac_development,2
301,ios_development,social_game_developers,2
302,ios_development,building_android_apps_with_appcelerator_titanium,1
303,ios_development,adobe_air,1
304,ios_development,apple_mobile_device_application_development,2
305,ios_development,xcode_users,2
306,ios_development,ipad,7
307,clean_code,test_driven_development,6
308,clean_code,spring_framework,1
309,web_analytics_wednesdays,waw,2
310,web_analytics_wednesdays,webtrends,1
311,web_analytics_wednesdays,avinash_kaushik,1
312,web_analytics_wednesdays,omniture,1
313,web_analytics_wednesdays,web_analytics,2
314,enterprise_ar/mr/vr,augmented_reality,4
315,apache_hadoop,big_data,5
316,hardware,robotics,9
317,using_twitter_for_business,social_media,3
318,stream_processing,apache_apex,3
319,stream_processing,big_data,6
320,business_owners,business_strategy,2
321,financial,fintech_evolution,2
322,c#,xml,2
323,c#,c#.net,3
324,c#,xslt,2
325,c#,.net_development,11
326,c#,.net_developers,5
327,c#,engineers,1
328,c#,.net,37
329,c#,web_design_and_programming,1
330,c#,windows,3
331,email_marketing_(ecommerce),email_marketing_2.0,2
332,high_tech,technology_startups,3
333,solr,hadoop,3
334,finding_wholesale_items_to_sell_on_ebay,selling_on_amazon,2
335,video_game_design,indie_game_development,1
336,video_game_design,online_gaming,1
337,video_game_design,game_development,20
338,video_game_design,transmedia,1
339,video_game_design,video_game_entrepreneurs,3
340,facebook_marketing,online_marketing,4
341,geographic_information_systems:_gis,esri,2
342,geographic_information_systems:_gis,java,2
343,bristol,javascript,3
344,spreadsheets,self_service_bi,1
345,spreadsheets,data_analytics,2
346,spreadsheets,excel,2
347,spreadsheets,power_query,1
348,politics,copyright,2
349,virtual_worlds,virtual_reality,22
350,continous_integration,system_administration,1
351,google_technology_user_group,android_development,10
352,google_technology_user_group,google_apps,6
353,google_technology_user_group,google_web_toolkit_(gwt),2
354,google_technology_user_group,google_adwords,2
355,google_technology_user_group,gtug,2
356,augmented_reality,immersive_tech,4
357,augmented_reality,stereoscopic_equipment_and_methods,2
358,augmented_reality,mixed_reality,14
359,augmented_reality,ux_in_vr,2
360,augmented_reality,virtual_reality,36
361,augmented_reality,windows_holographic,3
362,augmented_reality,social_augmented_reality,11
363,augmented_reality,hololens,3
364,augmented_reality,google_cardboard,6
365,digital,web_design,2
366,texturing,3d_modeling,2
367,texturing,pixologic_zbrush,2
368,beer,technology,2
369,analytics,data_analytics,10
370,web_performance,prometheus,1
371,web_performance,website_optimization,2
372,web_performance,web_design,4
373,digital_transformation,blockchain_security,1
374,digital_transformation,women_in_blockchain,1
375,scala,functional_programming,19
376,scala,play_framework,5
377,scala,scala_play_framework,4
378,scala,akka,3
379,scala,scala_programming,6
380,scala,investment_banking,1
381,decentralization,cryptocurrency,10
382,service_oriented_architectures,enterprise_application_integration,4
383,service_oriented_architectures,solution_architecture,3
384,railo,web_design,2
385,statistical_modeling,statistical_science,1
386,statistical_modeling,bayesian_statistics,1
387,statistical_modeling,bayesian_probability,1
388,azure,information_technology_students,1
389,azure,cmmi,2
390,azure,technical_recruiting,1
391,azure,cloud_computing,6
392,azure,tfs,2
393,azure,visual_studio_2012,2
394,social_media_for_business,social_media,6
395,cleantech_and_information_technology,technology,1
396,nodejs,json,5
397,nodejs,coffeescript,4
398,nodejs,space_tourism,1
399,nodejs,tessel,2
400,nodejs,backend,2
401,nodejs,javascript,51
402,nodejs,websocket,1
403,mobile_game_development,game_development,15
404,artists,creativity,2
405,symfony2,php,8
406,cms_for_designers,cms_(content_management_systems),2
407,css,html5,37
408,css,front-end_engineering,4
409,css,html,15
410,css,html_and_css,8
411,pmp,ceos_&_founders,1
412,pmp,scrum,3
413,digital_marketer,digital_marketing_professionals,3
414,haskell,functional_programming,14
415,elixir,otp,4
416,elixir,learning_erlang_and_otp,4
417,elixir,programming_languages,4
418,wireless_communications,nfv,1
419,wireless_communications,internet_of_things,5
420,wireless_communications,wireless,2
421,html_5/css3,javascript,6
422,expat,devops,1
423,wordpress_workshops,wordpress_plugins,4
424,java,j2ee,7
425,java,groovy_programming_language,1
426,java,red_hat,4
427,java,groovy,1
428,java,hibernate,2
429,java,service_bus,3
430,java,mobile_development,31
431,java,distributed_programming_in_java,3
432,java,java_server_side,4
433,java,jboss_enterprise_middleware,4
434,java,java_virtual_machine,11
435,java,kotlin,3
436,java,java_concurrency,5
437,java,middleware,6
438,smartwatches,wearable_technologies,3
439,google_analytics,a/b_testing,2
440,google_analytics,web_analytics,7
441,lean_manufacturing,machine-to-machine,1
442,drupal_developers,drupal_mastering,4
443,drupal_developers,drupal_websites,4
444,drupal_developers,drupal_users,9
445,drupal_developers,drupal,9
446,drupal_developers,drupal_designers,3
447,drupal_developers,drupal_theming,8
448,drupal_developers,drupal_modules,8
449,drupal_developers,drupal_7,5
450,drupal_developers,drupal_security,6
451,lean_startup_machine,lean_startup,1
452,co-working_space,technology_startups,2
453,css/next,mobile_development,1
454,"html,_xhtml,_css_&_javascript",javascript,7
455,ontology,rdf,2
456,ontology,semantic_technologies,3
457,ontology,semantic_web,3
458,ontology,linked_data,3
459,ontology,owl,3
460,graph_databases,big_data,9
461,graph_databases,neo4j,6
462,amazon_fba,amazon,2
463,amazon_fba,amazon_mastermind_selling,2
464,html5_game_development,html5,2
465,lean_six_sigma,business_process_management,4
466,lean_six_sigma,six_sigma,2
467,storage_virtualization,system_administration,1
468,web_operations,devops,6
469,personal_privacy_issues,internet_privacy,3
470,awareness,technology_startups,2
471,social_movements,web_design,1
472,digital_video,digital_media,5
473,laravel,php,11
474,apache_spark,apache_kafka,6
475,apache_spark,apache_storm,2
476,apache_spark,big_data,22
477,json,enterprise_nosql,1
478,the_cloud,cloud_computing,4
479,hardware_hacking_and_reverse_engineering,information_security,4
480,microcontroler_and_electronics_designers,microcontrollers,3
481,game_development,virtual_reality,13
482,game_development,video_game_development,20
483,game_development,mobile_games,4
484,game_development,game_programming,22
485,game_development,independent_game_development,26
486,game_development,video_games,10
487,game_development,mobile_development,12
488,game_development,indie_games,13
489,game_development,video_game_developers,7
490,game_development,unity_3d,8
491,game_development,game_design,27
492,game_development,games,7
493,game_development,gaming,4
494,game_development,unity,5
495,game_development,game_production,11
496,distributed_source_code_management,infrastructure_as_code,1
497,web_content_management,cms_(content_management_systems),3
498,computer_vision,image_processing,6
499,computer_vision,machine_learning,9
500,responsive_web_design,web_design,3
501,small_business_networking,seo_for_local_business,1
502,small_business_networking,small_business_owners,2
503,microsoft_dynamics_crm,crm,4
504,business_strategy_and_professional_development,e-commerce,1
505,business_strategy_and_professional_development,b2b_networking,1
506,microsoft_windows,microsoft_technology,4
507,microsoft_windows,microsoft_windows_server,2
508,microsoft_windows,scripting,3
509,open_source_community,product_launch,1
510,qa_tools_and_practices,software_testing,5
511,drupal_community,drupal_8,2
512,drupal_community,drupal,10
513,repair,diy_(do_it_yourself),3
514,data_visualization,business_intelligence_strategy,12
515,data_visualization,open_data,15
516,data_visualization,r_users_group,10
517,data_visualization,obiee,1
518,data_visualization,big_data_ingestion,3
519,data_visualization,data_analytics,128
520,data_visualization,business_intelligence_in_cloud,4
521,data_visualization,pentaho,2
522,data_visualization,business_intelligence_tools_and_technology,8
523,data_visualization,agile_data_warehousing_and_business_intelligence,3
524,data_visualization,information_dashboard,2
525,data_visualization,qlikview,3
526,data_visualization,tableau,4
527,data_visualization,data_scientist,2
528,data_visualization,reporting,2
529,data_visualization,power_bi,3
530,xquery,nosql,2
531,xquery,marklogic,2
532,xquery,marklogic_server,2
533,conservation,hackathons,1
534,prince2,project_management_professional_certification,1
535,prince2,scrum,2
536,prince2,msp,2
537,social_media_analytics,data_mining,4
538,ec2,aws_rds,2
539,ec2,cloud_computing,19
540,ec2,web_service_security,1
541,vr_glasses,virtual_reality,23
542,3d,3d_modeling,5
543,3d,3d_printers,2
544,data_science_using_python,python,9
545,small_business_technology,technology,1
546,aws_design_implementation_and_servicing,cloud_computing,14
547,haxe_programming,programming_languages,2
548,database_development,network_design,1
549,database_development,database_integration_&_migrations,1
550,database_development,big_data,28
551,database_development,fault-tolerance,1
552,database_development,postgresql_and_open_source_projects,2
553,database_development,postgresql,4
554,database_development,dba,3
555,database_development,oracle_big_data_appliance,1
556,programming_languages,pair_programming,10
557,programming_languages,object_oriented_programming,10
558,programming_languages,common_lisp,3
559,programming_languages,women_coders,2
560,programming_languages,c_programming_language,2
561,programming_languages,computer_programming_c/c++,2
562,programming_languages,jvm_languages,10
563,programming_languages,go_programming_language,6
564,programming_languages,clojurescript,5
565,programming_languages,datomic,3
566,programming_languages,web_programming,6
567,programming_languages,rust,3
568,programming_languages,elixir_programming,6
569,programming_languages,study,1
570,programming_languages,coding_for_beginners,11
571,programming_languages,ladies_who_code,1
572,programming_languages,functional_programming,53
573,programming_languages,programming_language_theory,1
574,programming_languages,javascript,44
575,programming_languages,programmers,2
576,programming_languages,c/c++,6
577,programming_languages,golang,5
578,programming_languages,python,26
579,programming_languages,user_group,2
580,programming_languages,elm_programming,2
581,programming_languages,functional_programming_in_python,5
582,online_marketing,conversion_optimization,2
583,online_marketing,web_design,45
584,online_marketing,networking_for_marketing_professionals,3
585,online_marketing,marketing_automation,3
586,online_marketing,seo_for_small_businesses,4
587,online_marketing,marketing_strategy,6
588,online_marketing,digital_marketing,28
589,online_marketing,app_development,1
590,online_marketing,demandware,1
591,online_marketing,mobile_app_marketing,1
592,online_marketing,vloggers,2
593,online_marketing,search_engine_marketing,9
594,online_marketing,seo_(search_engine_optimization),39
595,online_marketing,social_media,41
596,online_marketing,marketing,23
597,online_marketing,help_for_business_startups,2
598,online_marketing,seo_for_small_to_medium_sized_businesses,3
599,online_marketing,google_seo,3
600,online_marketing,e-commerce,10
601,online_marketing,social_media_marketing,31
602,online_marketing,facebook_application_development,1
603,building_an_online_business,ecommerce_marketing,5
604,cybersecurity,cybersecurity_innovation,4
605,cybersecurity,information_security,28
606,cybersecurity,cyber_safety,3
607,hadoop,hbase,11
608,hadoop,big_data,95
609,hadoop,apache_hive,3
610,hadoop,supercomputing,2
611,hadoop,hive,8
612,hadoop,apache_pig,3
613,hadoop,data_profiling,2
614,hadoop,couchbase,3
615,magento_developers,magento_enterprise,9
616,magento_developers,magento,10
617,french_language,web_application_development,1
618,jobs,mobile_development,2
619,continuous_deployment,devops,10
620,continuous_deployment,jenkins,2
621,continuous_deployment,build_automation,2
622,email_marketing_2.0,e-commerce,2
623,medical_device_technology,diybio,1
624,medical_device_technology,biotech_&_medical,3
625,medical_device_technology,medical_technology,2
626,fba_fulfillment_by_amazon,amazon_seller,6
627,geospatial_technologies,mapping,3
628,craft_cms,twig,3
629,craft_cms,cms_(content_management_systems),3
630,ruby_on_rails,ruby,22
631,ruby_on_rails,ruby_on_rails_amazon_web_services,1
632,ruby_on_rails,women_who_code,5
633,ruby_on_rails,ruby_on_rails_testing,2
634,ruby_on_rails,ruby_on_rails_scalability,2
635,ruby_on_rails,rails,2
636,mobile_startups,technology_startups,2
637,women_in_technology,technology,9
638,women_in_technology,women_in_computing,3
639,women_in_technology,women_software_developers,6
640,women_in_technology,women_programmers,8
641,women_in_technology,women_in_tech,9
642,women_in_technology,professional_women,5
643,women_in_technology,women_science_technology_engineering_&_mathematics,3
644,women_in_technology,women_in_engineering,2
645,business_model_innovation,web_api_design,1
646,cryptocurrency,storage_solutions,1
647,cryptocurrency,bitcoin,29
648,cryptocurrency,what_is_bitcoin,4
649,cryptocurrency,cryptoequity,2
650,cryptocurrency,cryptography,21
651,cryptocurrency,virtual_currency,22
652,cryptocurrency,digital_currency,29
653,cryptocurrency,peer2peer,1
654,cryptocurrency,ethereum,18
655,data_storage,cloud_storage,4
656,apex_development,salesforce.com_developers,7
657,public_health,mhealth,2
658,meteor,javascript,10
659,ui_design,ux_/_ui_design,7
660,ui_design,graphical_user_interfaces,5
661,ui_design,ux_design,47
662,infrastructure,microsoft_azure,1
663,computer_graphics,opencl,2
664,computer_graphics,3d_modeling,5
665,computer_graphics,video_and_computer_animation,1
666,computer_graphics,cg_animation,2
667,computer_graphics,webgl,3
668,scaling_agile,project_portfolio_management,2
669,scaling_agile,scaled_agile_framework_(safe),9
670,master_data_management,data_management,3
671,cio_/_cto,it_professionals,2
672,cio_/_cto,cto,2
673,cio_/_cto,c-level_tech,1
674,amazon_web_services,cloud_computing,36
675,business_referral_networking,entrepreneurship,10
676,load_testing_and_performance,low-latency,2
677,load_testing_and_performance,software_quality,10
678,nosql,mongodb,21
679,nosql,document_databases,2
680,nosql,big_data,78
681,nosql,oracle_application_business_solutions,2
682,nosql,mariadb,2
683,nosql,enterprise_search,4
684,appstore,mobile_development,2
685,risk_governance_and_compliance,risk_assessment,1
686,risk_governance_and_compliance,information_governance,1
687,risk_governance_and_compliance,regulatory_compliance,3
688,risk_governance_and_compliance,compliance,2
689,risk_governance_and_compliance,taxonomy,1
690,risk_governance_and_compliance,financial_risk_managment,1
691,htc_vive,virtual_reality,5
692,enterprise_technology,jira,1
693,enterprise_technology,uk_software_developers,1
694,salesforce.com_integration,salesforce.com_developers,6
695,amazon.com,selling_on_amazon,4
696,amazon.com,private_label_product,3
697,managed_services,it_professionals,2
698,product_development,product_marketing,7
699,product_development,mobile_product_management,5
700,product_development,design_for_manufacturing,1
701,product_development,product_design,32
702,product_development,alternative_energy,2
703,product_development,problem_solving,1
704,technology,clean_technology,5
705,technology,information_technology,29
706,technology,technology_professionals,43
707,technology,business,3
708,technology,operations_management,2
709,technology,cognitive_science,1
710,technology,social,5
711,technology,creative_industries,2
712,technology,hackshackers,2
713,technology,entrepreneurship,74
714,technology,creative_coding,3
715,technology,music_technology,1
716,technology,people_helping_people,4
717,technology,emerging_technologies,4
718,technology,full_stack_development,1
719,technology,london,8
720,technology,episerver,1
721,technology,charity,2
722,technology,green_technology,5
723,technology,digital_lifestyle,1
724,technology,geeks_&_nerds,4
725,technology,creative_technologists,2
726,technology,education_&_technology,37
727,technology,big_data,30
728,technology,sports_and_socials,1
729,technology,nanotech,2
730,technology,volunteering,3
731,technology,environment,2
732,quantum_computing,robotics,1
733,financial_services,financial_technology,5
734,financial_services,supply_chain_performance_&_kpis,2
735,financial_services,supply_chain_management,2
736,financial_services,automate_supply_chain_operations,2
737,financial_services,supply_chain_strategy,2
738,.net,visual_studio,3
739,.net,microsoft_technologies,1
740,.net,microsoft_.net_user_group,9
741,.net,asp.net_mvc,16
742,.net,asp.net,19
743,.net,.net_content_management_systems,3
744,.net,microsoft_technology,9
745,.net,windows_azure_platform,15
746,.net,microsoft_sharepoint_technology,2
747,.net,mobile_development,28
748,multimedia_design,mobile_development,1
749,law_practice,legal_industry,2
750,creativity,web_design,12
751,drupal,digital_asset_management,1
752,drupal,cms_(content_management_systems),14
753,drupal,learning_drupal,13
754,graphic_design,furniture_design,2
755,graphic_design,fashion_design,2
756,graphic_design,typography,2
757,graphic_design,web_design,40
758,uk_aws_users,cloud_computing,4
759,concurrent_programming,distributed_systems,7
760,startup_weekend,startup_pitching,1
761,business_analysis,business_analysis_tools_and_techniques,2
762,business_analysis,business_analysts,3
763,sql_server_azure,sql,7
764,sql_server_azure,sql_azure,3
765,sql_server_azure,sql_integration_services,5
766,natural_language_processing,machine_learning,22
767,hack,arduino,4
768,independent_game_development,unreal_engine,7
769,independent_game_development,video_game_writing,2
770,independent_game_development,"game_design,_game_modding,_3d_modeling",3
771,machine_vision,robotics,4
772,project_management_training,scrum,2
773,project_management_training,software_project_management,2
774,online_selling,selling_on_amazon,5
775,digital_marketing_analytics,digital_marketing,6
776,learn_coding,live_coding,2
777,learn_coding,coders,7
778,ebay,how_to_sell_on_ebay,3
779,ebay,work_at_home_ebay_sellers,3
780,ebay,selling_on_ebay,3
781,ebay,e-commerce,5
782,ebay,selling_on_ebay_worldwide,2
783,ebay,ebay_selling,3
784,considering_an_online_ecommerce_retail_store?,ecommerce_marketing,3
785,teachers,education_&_technology,5
786,microsoft_dynamics_business_solutions,customer_relationship_management,3
787,microsoft_dynamics_business_solutions,microsoft_dynamics_ax,2
788,salesforce.com_admins,salesforce.com,3
789,salesforce.com_admins,salesforce.com_users,1
790,salesforce.com_admins,salesforce_training,2
791,bitbucket,clover,1
792,bitbucket,jira,1
793,bitbucket,bamboo,1
794,enterprise_architecture,togaf,2
795,mobile_developers,mobile_development,4
796,blogging_tips_+_tricks,blogging,2
797,mozilla,mobile_development,1
798,content_management,open_source_content_management,3
799,content_management,document_management_systems,2
800,content_management,cms_(content_management_systems),8
801,blockchain,blockchain_security,8
802,blockchain,distributed_ledger,2
803,blockchain,decentralized_systems,10
804,blockchain,ethereum,19
805,distributed_ledger,decentralized_ledger_technology_(dlt),1
806,cnc_routing_and_machining,makers,4
807,xaml,mobile_development,2
808,change_management,change_leadership,1
809,change_management,service_design,1
810,change_management,facilitation,1
811,digital_currency,entrepreneurship,7
812,digital_currency,money,6
813,math,machine_learning,3
814,chatbots,artificial_intelligence,4
815,chatbots,bots,4
816,chatbots,web_bot,2
817,milton_keynes,internet_of_things,2
818,sql_server,sql,12
819,sql_server,sql_server_analysis_services,7
820,sql_server,advanced_sql_server,8
821,force.com,apex,7
822,force.com,salesforce.com_developers,8
823,force.com,salesforce.com_chatter,3
824,force.com,heroku,8
825,lean_project_management,project_management_methods,5
826,blogging_for_business,blogging,2
827,customer_development,technology_startups,2
828,customer_success_management,customer_relationship_management,2
829,atlassian,confluence,4
830,atlassian,other_atlassian_products,3
831,atlassian,git,3
832,atlassian,methods_of_upgrading_the_atlassian_suite!,2
833,atlassian,hipchat,4
834,atlassian,fisheye,2
835,atlassian,jira,4
836,atlassian,crucible,2
837,atlassian,atlassian_toolset,4
838,visual_effects,3d_animation,5
839,software_qa_and_testing,qa_professionals,8
840,software_qa_and_testing,context_driven_testing,2
841,software_qa_and_testing,test_driven_development,35
842,software_qa_and_testing,functional_and_regression_testing,3
843,software_qa_and_testing,quality,3
844,software_qa_and_testing,mobile_testing,2
845,software_qa_and_testing,software_development_process,1
846,software_qa_and_testing,automated_testing,2
847,software_qa_and_testing,testing_web_site_performance,5
848,software_qa_and_testing,continuous_testing,1
849,software_qa_and_testing,quality_assurance,21
850,microsoft_azure,cloud_to_cloud_itegration,1
851,microsoft_azure,cloud_computing,4
852,machine_learning,artificial_intelligence_programming,12
853,machine_learning,speech_recognition,2
854,machine_learning,drones,3
855,machine_learning,big_data,117
856,machine_learning,artificial_intelligence,64
857,machine_learning,artificial_intelligence_applications,24
858,machine_learning,machine_intelligence,21
859,machine_learning,algorithms,4
860,apache,big_data,10
861,data_integration,talend,3
862,data_integration,big_data,6
863,freelancers_in_london,entrepreneurship,2
864,test,testing_tools,2
865,running_umbraco_on_windows_azure,building_a_user_friendly_cms_with_umbraco,2
866,running_umbraco_on_windows_azure,cms_(content_management_systems),2
867,salesforce.com_chatter,salesforce_implementation,3
868,video_game_development,board_games,2
869,wireless_sensor_networks,lpwan,1
870,wireless_sensor_networks,internet_of_things,3
871,professional_networking,entrepreneurship,61
872,professional_networking,computer_networking,1
873,professional_networking,professional_development,20
874,professional_networking,professional_engineer,2
875,collaboration_between_creative_minds,innovation,8
876,new_media_and_interactive_design,user_experience,3
877,system_administration,data_center_networking_and_design,9
878,system_administration,puppet,10
879,system_administration,windows_powershell,5
880,system_administration,getchef,2
881,system_administration,devops,68
882,system_administration,cisco_systems,9
883,system_administration,operations_and_data_center_management,17
884,system_administration,opscode,2
885,system_administration,python/linux_devop,6
886,infrastructure_as_code,devops,59
887,infrastructure_as_code,cloud_infrastructure,2
888,infrastructure_as_code,dev_ops,3
889,social_enterprise,web_design,2
890,"women_""startup""_entrepreneurs",technology_startups,2
891,google_developer_group,google_apps_script,2
892,google_developer_group,google_app_engine,5
893,google_developer_group,google_chrome,3
894,google_developer_group,mobile_development,9
895,google_developer_group,google,10
896,women_who_code,wwc,5
897,agile_and_scrum,scrum,7
898,agile_business_analysts,scrum,6
899,wordpress_theme_development,wordpress_plugins,5
900,digital_photography,web_design,4
901,reprap,3d_modeling,2
902,web_application_development,mobile_development,7
903,unity_game_engine,unity_3d_artists,2
904,unity_game_engine,video_games,3
905,mobile_marketing,mobile_development,7
906,m2m_devices_machine_to_machine,industrial_networking,9
907,m2m_devices_machine_to_machine,smart_city_or_cities,9
908,m2m_devices_machine_to_machine,smart_sensors,9
909,m2m_devices_machine_to_machine,hmi_human_machine_interface,9
910,m2m_devices_machine_to_machine,iot_industrial_internet_of_things,9
911,scientific_computing,computational_science_and_engineering,2
912,lamp,php,14
913,innovation,futurology,3
914,innovation,inventors_and_product_developers,2
915,innovation,life_coaching,1
916,innovation,technology_startups,42
917,innovation,behavioural_economics,2
918,innovation,customer_experience,5
919,innovation,open_innovation,2
920,innovation,corporate_social_responsibility,2
921,innovation,social_innovation,4
922,humanoid_robots,robotics,1
923,project_management_tools,project_management_practices,6
924,game_design,game_art,4
925,amazon_seller,amazon,6
926,amazon_seller,selling_on_amazon,6
927,amazon_seller,etsy_sellers,4
928,amazon_seller,e-commerce,8
929,amazon_seller,ebay_seller,6
930,internet_of_everything,internet_of_things,2
931,content_management_systems,cms_(content_management_systems),4
932,large_scale_scrum,scrum,5
933,founders,technology_startups,7
934,cloud_services,content_delivery_network,2
935,cloud_services,cloud_computing,2
936,law,law_&_technology,5
937,usability,user_experience_research,7
938,usability,user_experience,54
939,usability,user_experience_practices,3
940,scrumban,scrum,3
941,payment_systems,financial_technology,4
942,digital_marketing_strategy,digital_marketing,10
943,technology_professionals,pubs_and_bars,2
944,technology_professionals,making_money_with_rental_property,1
945,local_politics,digital_rights,2
946,bluemix,cloud_computing,3
947,digital_design,web_design,3
948,enterprise_architect,service-oriented_architecture,3
949,enterprise_search,search_engines,3
950,enterprise_search,"search,_information_retrieval",3
951,enterprise_search,apache_lucene_and_solr_open_source_search,4
952,enterprise_search,lucene_solr_nutch_mahout_and_open_source_search,4
953,enterprise_search,apache_lucene,2
954,enterprise_search,information_retrieval,2
955,apps,mobile_commerce,1
956,apps,mobile_development,9
957,diy_revolution,creative_problem_solving,2
958,opscode_chef,devops,8
959,electrical_engineering,engineering,2
960,executive_coaching,outsourcing_your_it,2
961,executive_coaching,scrum,2
962,virtual_world,virtual_reality,9
963,3d_artists,3d_modeling,15
964,3d_artists,autodesk_3ds_max,1
965,3d_artists,visual_effects_cg_animation,6
966,3d_artists,rendering,2
967,3d_artists,3d_projects,3
968,3d_artists,3d_animation,12
969,unity,unity_3d_developers,4
970,ux_design,mobile_user_experience,38
971,ux_design,user_experience,78
972,ux_design,lean_ux,15
973,ux_design,user_interface_design,21
974,ux_design,user_experience_design,18
975,flask,python,2
976,web_services,apis,5
977,lisp_&_scheme,functional_programming,13
978,microsoft_excel,data_analytics,3
979,microsoft_excel,microsoft_excel_vba,2
980,healthy_living,wellness,7
981,healthy_living,self_exploration,3
982,healthy_living,fitness,3
983,sem_for_magento,magento_designers,4
984,high_performance_computing,hpc_programming,3
985,high_performance_computing,gpgpu,2
986,high_performance_computing,cloud_computing,7
987,high_performance_computing,gpu_programming,3
988,high_performance_computing,parallel_programming,4
989,database_professionals,big_data,25
990,using_technology_to_scale_your_business,scalability,2
991,testing_tools,software_testing,12
992,digital_&_social_media,digital_marketing,4
993,industrial_internet_of_things,internet_of_things,4
994,javascript_testing,javascript_applications,4
995,operations_and_data_center_management,application_performance_monitoring,2
996,agile_coaching,scrum_practices,10
997,agile_coaching,kanban_software_development,4
998,agile_coaching,scrum,67
999,agile_coaching,it_kanban,2
1000,agile_coaching,personal_kanban,3
1001,agile_coaching,explore:_agile_scrum_xp_lean_kanban,13
1002,hacking,citizen_science,2
1003,hacking,social_coding,14
1004,hacking,arduino,37
1005,hacking,laser_cutting,3
1006,hacking,synthesizer,2
1007,hacking,handmade_crafts,3
1008,hacking,information_security,11
1009,hacking,hackathons,16
1010,hacking,coders,16
1011,hacking,hackathon,14
1012,ppc_-_paid_search,seo_(search_engine_optimization),6
1013,it_infrastructure,"disaster_recovery,_business_continuity",1
1014,it_infrastructure,cloud_computing,6
1015,django,python,10
1016,mapreduce,big_data,36
1017,solution_architecture,technical_architecture,3
1018,oracle,big_data,10
1019,oracle,oracle_pl/sql_development,2
1020,emerging_robotic_technologies,artificial_intelligence_machine_learning_robotics,2
1021,cad_design_&_development_services,industrial_design,1
1022,openstreetmap,web_mapping,1
1023,bioinformatics,genetics,3
1024,bioinformatics,big_data,4
1025,bioinformatics,genomics,3
1026,bioinformatics,life_sciences,4
1027,bioinformatics,biotechnology,5
1028,wcag,user_experience,2
1029,silicon_roundabout,javascript,2
1030,data_quality,metadata,2
1031,data_quality,big_data,7
1032,data_quality,data_strategy,2
1033,android_game_development,mobile_development,5
1034,sql_server_reporting_services,sql_server_analysis_services,6
1035,sql_server_reporting_services,sql_server_integration_services,6
1036,sql_server_reporting_services,sql_server_data_mining,5
1037,performing_arts,internet_of_things,2
1038,makerspaces,hackspaces,5
1039,makerspaces,crafts,4
1040,makerspaces,digital_fabrication,2
1041,makerspaces,modeling,2
1042,makerspaces,makers,49
1043,makerspaces,fab_lab,3
1044,hobby_electronics,makers,2
1045,java_ee,jboss_user_group_(jbug),1
1046,business_architecture,togaf,3
1047,business_architecture,strategic_organizational_change,2
1048,cloud_computing,paas_(platform_as_a_service),57
1049,cloud_computing,hybrid_cloud,3
1050,cloud_computing,docker,42
1051,cloud_computing,messaging_systems,2
1052,cloud_computing,openstack,35
1053,cloud_computing,virtualization,69
1054,cloud_computing,aws_programming_and_tools,15
1055,cloud_computing,kubernetes,6
1056,cloud_computing,firebase,2
1057,cloud_computing,aws_s3,9
1058,cloud_computing,building_private_cloud_with_openstack,3
1059,cloud_computing,iaas_(infrastructure_as_a_service),58
1060,cloud_computing,sdn,2
1061,cloud_computing,containers,13
1062,cloud_computing,aws,24
1063,cloud_computing,salesforce.com,9
1064,cloud_computing,openstack_-_quantum,2
1065,cloud_computing,monitoring,4
1066,cloud_computing,ibm,4
1067,cloud_computing,network_management_and_monitoring,2
1068,cloud_computing,high_scalability_computing,33
1069,cloud_computing,private_cloud,3
1070,cloud_computing,cloud_foundry,4
1071,cloud_computing,software_defined_networking,3
1072,cloud_computing,apache_mesos,3
1073,cloud_computing,paas:_platform_as_a_service,6
1074,cloud_computing,cloud_networking,2
1075,cloud_computing,redhat_-_openstack,2
1076,cloud_computing,saas_(software_as_a_service),60
1077,cloud_computing,microservices,4
1078,cloud_computing,bigdata,3
1079,cloud_computing,cloud_storage,4
1080,cloud_computing,devops,89
1081,cloud_computing,deployment,2
1082,cloud_computing,coreos,3
1083,cloud_computing,big_data,89
1084,cloud_computing,real_life_uses_of_aws_and_cloud_servers,6
1085,riak,functional_programming,4
1086,webdriver,selenium_software,3
1087,webdriver,software_testing,5
1088,cg_artists,3d_modeling,9
1089,cg_artists,vfx,3
1090,microcontrollers,arduino,20
1091,web_&_new_technology,lucene_solr_nutch_mahout_and_open_source_search,2
1092,scrum_in_real_world,scrum,8
1093,silverlight,mobile_development,1
1094,windows_phone,mobile_development,4
1095,behavior_driven_development,test_driven_development,2
1096,devops_automation,devops,17
1097,internet_professionals,e-business_owners,3
1098,internet_professionals,frontend,2
1099,internet_professionals,job_search,3
1100,internet_professionals,web_design,60
1101,podcasting,new_media,4
1102,oauth,cloud_identity,2
1103,federated_identity,cloud_identity,2
1104,embedded_systems,internet_of_things,10
1105,reporters_and_journalists,digital_media,3
1106,social_networking_for_software_developers,software_development_process,1
1107,electronic_privacy,software_freedom,2
1108,electronic_privacy,digital_rights,6
1109,team_foundation_server,scrum,3
1110,lawyers,law_&_technology,3
1111,leadership,"eating,_drinking,_talking,_laughing,_etc",1
1112,leadership,management,3
1113,leadership,organization_development,3
1114,leadership,professional_development,5
1115,learning,knowledge_sharing,8
1116,learning,education_&_technology,18
1117,learning,education,4
1118,wordpress_for_business,wordpress_seo,12
1119,social_media,facebook,6
1120,social_media,pinterest,2
1121,social_media,how_to_market_your_business_through_blogging,5
1122,social_media,travel_blogging,2
1123,social_media,food_blogging,2
1124,social_media,linkedin,2
1125,social_media,twitter,10
1126,social_media,google_plus,2
1127,yii_framework,php,2
1128,scrum_master,scrum_development,4
1129,scrum_master,scrum,14
1130,smart_property,smart_contracts,7
1131,business_process_improvement,business_process_management,3
1132,web_design,web_application,4
1133,web_design,web_design_and_development,5
1134,web_design,mobile_development,69
1135,web_design,freelancer_networking,2
1136,web_design,entrepreneurship,62
1137,web_design,cms_(content_management_systems),32
1138,web_design,user_experience,55
1139,web_design,freelance,5
1140,web_design,coldfusion,2
1141,web_design,digital_strategy,4
1142,web_design,joomla,2
1143,computing,information_technology,2
1144,new_career,professional_development,2
1145,user_experience,ui/ux_design,17
1146,user_experience,ux_creatives,4
1147,user_experience,user_experience_optimization,3
1148,user_experience,ux_research,6
1149,user_experience,product_design,34
1150,user_experience,agile_ux,8
1151,user_experience,ui/ux,9
1152,user_experience,service_design,7
1153,user_experience,user_research,42
1154,user_experience,ux/ui,8
1155,golang,golang_programming_language,4
1156,enterprise_application_integration,mule_esb,5
1157,enterprise_application_integration,system_integration,3
1158,enterprise_application_integration,mule,3
1159,smart_grid,scada_and_industrial_controls_security,10
1160,smart_grid,smart_sensors,16
1161,mobile_app,mobile_development,4
1162,startup_accelerators,technology_startups,3
1163,manufacturers_&_ecommerce,ecommerce_marketing,2
1164,technical_architecture,microsoft_biztalk,2
1165,open_standards,open_data,1
1166,product_lifecycle_management,product_design,2
1167,product_lifecycle_management,time_management_&_personal_productivity,1
1168,technology_innovation,mobile_development,3
1169,hardware_startups,robotics,4
1170,code_katas,test_driven_development,3
1171,etl,big_data,7
1172,mhealth,mobile_development,2
1173,small_business_owners,coffee,2
1174,small_business_owners,technology_startups,9
1175,big_data_analytics,kx,6
1176,big_data_analytics,big_data,123
1177,connected_objects,internet_of_things,3
1178,website_optimization,website_development,2
1179,iot_hacking,internet_of_things,31
1180,artificial_general_intelligence,artificial_intelligence,5
1181,angel_investors,entrepreneurship,5
1182,law_&_technology,legal_industry,4
1183,law_&_technology,legal_and_business,6
1184,law_&_technology,entrepreneurship,4
1185,law_&_technology,legal_professionals,4
1186,spark,big_data,7
1187,cio,devops,2
1188,social_entrepreneurship,entrepreneurship,5
1189,iot,manufacturing,3
1190,iot,internet_of_things,15
1191,human-computer_interaction,virtual_reality,17
1192,network_security,information_security,25
1193,engineering,product_design,4
1194,courses_and_workshops,makers,4
1195,pragmatic_software_development,software_development_technologies,2
1196,open_government,open_data,5
1197,leveraging_big_data,big_data,12
1198,android,mobile_development,27
1199,postgres,postgresql,3
1200,scrum,agile_mindset,6
1201,scrum,kanban,60
1202,scrum,scrum_alliance,3
1203,scrum,behaviour_driven_development,2
1204,scrum,agile_leadership,57
1205,scrum,project_management_professional,5
1206,startup_incubation,internet_startups,15
1207,jboss_user_group_(jbug),jboss_application_server,4
1208,jboss_user_group_(jbug),jboss_solutions,3
1209,jboss_user_group_(jbug),jboss_enterprise_middleware,4
1210,automating_web_application_testing,test_automation,8
1211,online_retailers,e-commerce,6
1212,raspberrypi,arduino,4
1213,erlang_programming,functional_programming,11
1214,sitecore_cms,.net_content_management_systems,2
1215,diy_(do_it_yourself),restarters,2
1216,diy_(do_it_yourself),makers,26
1217,small_business,entrepreneurship,26
1218,android_sdk,mobile_development,2
1219,3d_printing,3d_scanning,5
1220,3d_printing,3d_modeling,14
1221,3d_printing,maker_innovation_ecosystem,2
1222,3d_printing,autocad,2
1223,3d_printing,cnc,2
1224,3d_printing,solidworks,2
1225,3d_printing,makers,38
1226,3d_printing,synthetic_biology,2
1227,conversion,conversion_optimization,2
1228,girls_in_tech,mobile_development,3
1229,crm,customer_relationship_management,8
1230,crm,salesforce.com,6
1231,crm,erp_software,2
1232,crm,salesforce.com_crm,2
1233,crm,social_crm,2
1234,virtual_reality,3d_gaming,13
1235,virtual_reality,vr,17
1236,virtual_reality,the_future_of_video_games,12
1237,virtual_reality,oculus_rift,27
1238,magento,e-commerce,11
1239,symfony,php,4
1240,software_quality,test_driven_development,21
1241,c_sharp,f#_programming,2
1242,agile_testing,software_qa_tools,2
1243,quantitative_finance,algorithmic_trading,3
1244,leadership_team_development,agile_leadership,2
1245,resonsive_web_design_and_umbraco,cms_(content_management_systems),3
1246,itil_itsm,help_desk,2
1247,itil_itsm,it_professionals,2
1248,itil_itsm,service_catalogue_management,2
1249,uav,drones,6
1250,php_application_development,php,24
1251,marketing_measurement,lean_startup,2
1252,real_time_analytics,big_data,6
1253,software_project_management,digital_project_management,3
1254,servicenow,information_technology_in_business,2
1255,go,go_programming_language,6
1256,digital_rights_management,internet_censorship,2
1257,javascript,javascript_best_practices,9
1258,javascript,html5,88
1259,javascript,front-end_development,41
1260,javascript,mobile_development,77
1261,javascript,php,44
1262,javascript,ruby,26
1263,javascript,d3.js,3
1264,javascript,open_source_frameworks,9
1265,javascript,server_side_javascript,13
1266,javascript,jquery,23
1267,javascript,react_native,6
1268,javascript,coding_dojos,6
1269,javascript,rich_internet_applications,16
1270,javascript,web_standards,15
1271,javascript,ember_js,5
1272,javascript,angularjs,29
1273,javascript,javascript_libraries,40
1274,javascript,javascript_applications,40
1275,javascript,reactjs,8
1276,javascript,web_components,3
1277,financial_engineering,algorithmic_trading,2
1278,python_web_development,python,14
1279,python_web_development,open_source_python,9
1280,python_web_development,agile_programming_and_python,4
1281,test_automation_frameworks,test_automation,11
1282,test_automation_frameworks,cucumber,2
1283,business_change,information_technology,1
1284,professional_blogging,blogging,2
1285,developing_mobile_apps,mobile_app_development,7
1286,text_analytics,data_analytics,6
1287,ethical_hacker,white_hat_hacking,13
1288,ethical_hacker,information_security,18
1289,graduate_students,entrepreneurship,2
1290,knowledge_sharing,collaboration,7
1291,education_&_technology,intellectual_discussion,5
1292,education_&_technology,iot_security,2
1293,education_&_technology,computer_tutoring,3
1294,image_analysis,robotics,2
1295,data,data_analytics,10
1296,copyright,internet_privacy,5
1297,copyright,net_neutrality,2
1298,web_analytics,data_analytics,10
1299,business_intelligence,data_warehousing,13
1300,business_intelligence,business_intelligence_best_practices,16
1301,business_intelligence,data_analytics,83
1302,business_intelligence,data_warehouses,4
1303,data_governance,big_data,5
1304,smart_contracts,hyperledger,5
1305,smart_contracts,ethereum,17
1306,sharepoint,microsoft_sharepoint_technology,3
1307,belief_networks,probabilistic_graphical_models,2
1308,lean,lean_management,2
1309,salesforce.com_developers,salesforce.com,8
1310,cad/cam,3d_modeling,6
1311,product_prototyping,internet_of_things,2
1312,life_transformation,self_exploration,2
1313,scalability,high_scalability_computing,4
1314,powershell,windows_powershell,4
1315,sitecore,.net_content_management_systems,2
1316,technology_startups,raising_capital,2
1317,technology_startups,financial_technology,12
1318,technology_startups,web_and_technology_startups,3
1319,technology_startups,lean_startup,70
1320,technology_startups,entrepreneur_networking,41
1321,technology_startups,brainstorming_ideas,2
1322,technology_startups,successful_startup_founders,2
1323,technology_startups,venture_capital,25
1324,technology_startups,entrepreneurship,143
1325,technology_startups,travel,3
1326,technology_startups,business_startup,6
1327,technology_startups,rock_climbing,2
1328,technology_startups,investing,6
1329,technology_startups,tech_savvy_entrepreneurs,3
1330,technology_startups,bring_angel_investors_and_startups_together,5
1331,technology_startups,internet_startups,111
1332,technology_startups,startup_pitching,12
1333,technology_startups,start-up,4
1334,technology_startups,new_product_development:_software_&_tech,27
1335,technology_startups,tech_talks,6
1336,technology_startups,early_stage_startups,2
1337,technology_startups,latin_america,2
1338,technology_startups,funding,2
1339,technology_startups,seed_funding,3
1340,social_networking,entrepreneurship,21
1341,right_to_individual_privacy,internet_privacy,3
1342,food_bloggers,lifestyle_blogging,2
1343,food_bloggers,blogging,2
1344,magento_meetups,e-commerce,9
1345,ecommerce_&_social_media,best_practices_for_high_performance_ecommerce,2
1346,raspberry_pi,open_source_hardware,7
1347,raspberry_pi,arduino,28
1348,configuration_management,devops,56
1349,internet_censorship,internet_privacy,3
1350,internet_privacy,data_privacy,3
1351,internet_privacy,censorship_and_freedom_of_speech,5
1352,internet_privacy,information_security,5
1353,internet_privacy,digital_rights,10
1354,product_design,computer_aided_design,2
1355,product_design,product_management,23
1356,product_design,software_product_management,11
1357,product_design,industrial_design,3
1358,opengl,webgl,5
1359,learn_wordpress,wordpress_plugins,4
1360,coding_for_beginners,learn_programming,4
1361,high_frequency_trading,algorithmic_trading,3
1362,linked_data,open_data,5
1363,php_cms,cms_(content_management_systems),3
1364,financial_technology,financial_innovation,16
1365,financial_technology,finance,6
1366,financial_technology,banking,12
1367,financial_technology,fintech,9
1368,financial_technology,fintech_evolution,4
1369,financial_technology,mobile_payment,2
1370,financial_technology,finance_professionals,5
1371,financial_technology,payments,2
1372,3d_modeling,blender_3d,4
1373,internet_of_things,machine-to-machine,6
1374,internet_of_things,apps_for_smart_cities,2
1375,internet_of_things,wearables,6
1376,internet_of_things,smart_sensors,41
1377,internet_of_things,beacons,2
1378,internet_of_things,wearable_technologies,17
1379,internet_of_things,m2m_devices,11
1380,internet_of_things,smart_city,4
1381,internet_of_things,smart_cities,13
1382,internet_of_things,big_data,24
1383,internet_of_things,internet_communication_technology,2
1384,internet_of_things,m2m,22
1385,internet_of_things,smart_home,19
1386,internet_of_things,sensors,21
1387,data_warehouse,data_management,3
1388,makers,hardware_hacks_&_gadgeteering,6
1389,makers,arduino,47
1390,makers,hackers_and_makers,7
1391,makers,diy_technology,14
1392,makers,creative_problem_solving,4
1393,starting_an_e-commerce_bus,ecommerce_marketing,2
1394,test_automation,bdd,4
1395,test_automation,test_driven_development,34
1396,test_automation,innovations_in_software_testing,7
1397,test_automation,selenium,10
1398,test_automation,software_testing,29
1399,digital_identity,cloud_identity,2
1400,photography,entrepreneurship,4
1401,artificial_intelligence_machine_learning_robotics,artificial_intelligence,12
1402,content_strategy_and_seo,seo_(search_engine_optimization),9
1403,docker,unikernel,2
1404,ecommerce_technology,e-commerce,19
1405,ecommerce_technology,what_ecommerce_platform_do_you_use?,2
1406,ecommerce_technology,internet_retail,7
1407,ecommerce_technology,e-commerce_-_internet_marketing,4
1408,ecommerce_technology,best_practices_for_high_performance_ecommerce,4
1409,mysql,php,20
1410,corona_sdk,lua_programming,3
1411,e-commerce_business,ecommerce_marketing,5
1412,seo_(search_engine_optimization),pay_per_click,4
1413,data_mining,big_data_for_social_media,3
1414,data_mining,big_data,115
1415,f#_programming,functional_programming,6
1416,f#_programming,f-sharp,2
1417,css3,html5,8
1418,self-improvement,study_group,2
1419,self-improvement,entrepreneurship,16
1420,self-improvement,self_exploration,4
1421,self-improvement,personal_development,6
1422,microsoft_sharepoint_technology,sharepoint_technologies,2
1423,jasmine,test_driven_development,2
1424,big_data,data_management,47
1425,big_data,using_mongodb_in_the_cloud,6
1426,big_data,predictive_analytics,117
1427,big_data,cassandra,14
1428,big_data,data_analytics,169
1429,big_data,risk_management,3
1430,big_data,sql,15
1431,risk_management,mathematical_modelling,2
1432,business_strategy,internet_business,2
1433,business_strategy,entrepreneurship,47
1434,business_strategy,branded_content,2
1435,erp_cloud,customer_relationship_management,2
1436,erp_cloud,erp_consulting,2
1437,erp_cloud,enterprise_resource_planning,2
1438,information_security,web_security,20
1439,information_security,software_security,20
1440,automated_trading_strategies,algorithmic_trading,2
1441,ocaml_programming,functional_programming,5
1442,mobile_services,mobile_development,3
1443,sql_server_2012,advanced_sql_server,3
1444,android_development,mobile_development,86
1445,data_center_and_operations_automation,devops,53
1446,blogging,blog_writers,3
1447,blogging,learn_blogging,3
1448,blogging,create_a_blog,3
1449,computers,information_technology,6
1450,digital_marketing_professionals,digital_marketing,12
1451,data_analytics,quants,3
1452,data_analytics,marketing_analytics,3
1453,data_analytics,business_analytics,53
1454,beginner_web_developer,mobile_development,2
1455,software_testing,automation,7
1456,functional_programming,fsharp,2
1457,functional_programming,clojure,17
1458,functional_programming,distributed_systems,8
1459,kids,robotics,2
1460,computer_vision_applications,robotics,1
1461,cross_mentoring_with_expert_ceo_business_owners,entrepreneurship,2
1462,arduino,robotics,37
1463,arduino,electronics_as_a_hobby,2
1464,international_development,ict:_information_communications_technology,2
1465,it,it_professionals,6
1466,mobile_app_development,mobile_development,9
1467,communication_skills,professional_development,4
1468,biotech_&_medical,biotechnology,4
1469,umbraco,cms_(content_management_systems),5
1470,saas_(software_as_a_service),consulting,2
1471,small_business_marketing_strategy,entrepreneurship,13
1472,recruiting_and_hiring,mobile_development,1
1473,oculus_rift,augmented/mixed_reality,2
1474,pc_gaming,mobile_development,1
1475,women_entrepreneurs,entrepreneurship,19
1476,digital_marketing,digital_media,24
1477,digital_marketing,growth_hacking,2
1478,quants,algorithmic_trading,4
1479,smart_cities,sustainable_cities,4
1480,computer_science,computational_science_and_engineering,4
1481,job_search,networking_for_job_seekers,3
1482,digital_media,film_and_video_production,4
1483,digital_media,journalism,8
1484,digital_media,new_media,13
1485,digital_media,media,7
1486,digital_media,web_television,2
1487,oroplatform,e-commerce,2
1488,oroplatform,orocommerce,2
1489,arduino_and_robotics,robotics,9
1490,career,entrepreneurship,2
1491,facilitation,visual_thinking,2
1492,learn_to_code,learning_to_code,8
1493,web_of_data,open_data,1
1494,control_system_cyber_security,scada_and_industrial_controls_security,10
1495,android_app_marketing,mobile_development,3
1496,mobile_development,database_design_&_development,1
1497,mobile_development,fashion_and_style,1
1498,mobile_development,iphone_ipad_ios_developers,6
1499,mobile_development,android_enthusiasts,7
1500,mobile_development,cross_mobile_development,3
1501,mobile_development,gdg,2
1502,mobile_development,mobile_design,5
1503,mobile_development,mobile_web,8
1504,mobile_development,internet_technology_professionals_&_startups,3
1505,mobile_development,google_polymer,2
1506,mobile_development,apis,7
1507,mobile_development,unified_messaging,1
1508,mobile_development,mobile_social,3
1509,mobile_development,application_development,6
1510,mobile_development,android_app_design,3
1511,mobile_development,monetization,1
1512,mobile_development,spanish_language,1
1513,mobile_development,software_engineering,14
1514,mobile_development,android_development_training,2
1515,starting_a_business,entrepreneurship,2
1516,python,getting_started_with_python,7
1517,microsoft,microsoft_technology,10
1518,futurists,robotics,2
1519,algorithmic_trading,quantitative_trading,2
1520,algorithmic_trading,automated_trading,1
1521,algorithmic_trading,trading,2
1522,algorithmic_trading,trading_with_automated_trading_systems,1
1523,algorithmic_trading,quantitative_analysis,3
1524,automation,sharing,2
1525,opencv,robotics,4
1526,ecommerce_marketing,e-commerce,13
1527,collaboration,public_sector,2
1528,angular,angularjs,7
1529,learning_to_code,coders,8
1530,neural_networks,artificial_intelligence,28
1531,apis,web_api_design,10
1532,deep_learning,artificial_intelligence,25
1533,behaviour_driven_testing,test_driven_development,4
1534,kinect,robotics,3
1535,geospatial,spatial_data,3
1536,geospatial,web_mapping,2
1537,medical_imaging,robotics,1
1538,twitter,social_media_management,4
1539,artificial_intelligence,transhumanism,2
1540,artificial_intelligence,robotics,24
1541,ansible,devops,8
1542,self_exploration,self-empowerment,4
1543,theater,robotics,2
1544,spatial_data,mapping,5
1545,spatial_data,geolocation,2
1546,live_music,robotics,2
1547,predictive_modeling,predictive_analytics,3
1548,civic_engagement_&_technology,open_data,7
1549,leanstartups,lean_startup,3
1550,entrepreneurship,coworking,4
1551,information_technology_in_business,information_technology,18
1552,php,zend_framework,4
1553,metrics,monitoring,4
1554,software_craftsmanship,test_driven_development,14
1555,magento_designers,seo_for_magento,4
1556,magento_designers,magento_enterprise,6
1557,smart_sensors,google_glass,2
1558,bitcoin_security,bitcoin,6
1559,hardware_engineering,robotics,5
1560,wordpress_plugins,wordpress_themes,29
1561,wordpress_plugins,wordpress_small_business_websites,2
1562,robotics,maker_faire,3
1563,robotics,rapid_prototyping,4
1564,robotics,electronics_technology,2
1565,continuous_delivery,devops,67
1566,best_practices_for_high_performance_ecommerce,ecommerce_workshops,3
1567,information_technology,it_professionals,23
1568,continuous_integration,devops,13
